accession,year,city,trap,state,country,zone,date,host,lineage
CSU4030,2013,FC,FC-031,CO,USA,SE,6/25/13,Mosquito-Culex,NA
CSU4076,2013,LV,LV-095,CO,USA,LV,7/1/13,Mosquito-Culex,NA
CSU4091,2013,FC,FC-039,CO,USA,SE,7/2/13,Mosquito-Culex,NA
CSU4193,2013,FC,FC-004,CO,USA,SE,7/9/13,Mosquito-Culex,NA
CSU4209,2013,FC,FC-066,CO,USA,NE,7/9/13,Mosquito-Culex,NA
CSU4210,2013,FC,FC-066,CO,USA,NE,7/9/13,Mosquito-Culex,NA
CSU4234,2013,FC,FC-027,CO,USA,SE,7/9/13,Mosquito-Culex,NA
CSU4237,2013,FC,FC-039,CO,USA,SE,7/9/13,Mosquito-Culex,NA
CSU4243,2013,LV,LV-089,CO,USA,LV,7/9/13,Mosquito-Culex,NA
CSU4247,2013,FC,FC-031,CO,USA,SE,7/9/13,Mosquito-Culex,NA
CSU4253,2013,FC,FC-046,CO,USA,SE,7/9/13,Mosquito-Culex,NA
CSU4285,2013,FC,FC-001,CO,USA,SW,7/11/13,Mosquito-Culex,NA
CSU4289,2013,LV,LV-102,CO,USA,LV,7/11/13,Mosquito-Culex,NA
CSU4336,2013,LV,LV-117,CO,USA,LV,7/15/13,Mosquito-Culex,NA
CSU4352,2013,LV,LV-095,CO,USA,LV,7/15/13,Mosquito-Culex,NA
CSU4365,2013,LV,LV-118,CO,USA,LV,7/16/13,Mosquito-Culex,NA
CSU4372,2013,FC,FC-053,CO,USA,SE,7/16/13,Mosquito-Culex,NA
CSU4377,2013,FC,FC-075,CO,USA,SE,7/16/13,Mosquito-Culex,NA
CSU4384,2013,FC,FC-075GR,CO,USA,SE,7/16/13,Mosquito-Culex,NA
CSU4385,2013,FC,FC-075GR,CO,USA,SE,7/16/13,Mosquito-Culex,NA
CSU4391,2013,LV,LV-074,CO,USA,LV,7/16/13,Mosquito-Culex,NA
CSU4395,2013,FC,FC-039,CO,USA,SE,7/16/13,Mosquito-Culex,NA
CSU4396,2013,FC,FC-039,CO,USA,SE,7/16/13,Mosquito-Culex,NA
CSU4413,2013,FC,FC-064,CO,USA,SE,7/16/13,Mosquito-Culex,NA
CSU4434,2013,LV,LV-089,CO,USA,LV,7/16/13,Mosquito-Culex,NA
CSU4437,2013,LV,LV-089,CO,USA,LV,7/16/13,Mosquito-Culex,NA
CSU4439,2013,FC,FC-047,CO,USA,SE,7/16/13,Mosquito-Culex,NA
CSU4441,2013,FC,FC-059,CO,USA,SE,7/16/13,Mosquito-Culex,NA
CSU4450,2013,FC,FC-031,CO,USA,SE,7/16/13,Mosquito-Culex,NA
CSU4455,2013,LV,LV-019,CO,USA,LV,7/17/13,Mosquito-Culex,NA
CSU4456,2013,LV,LV-019,CO,USA,LV,7/17/13,Mosquito-Culex,NA
CSU4470,2013,LV,LV-021 LV-042,CO,USA,LV,7/17/13,Mosquito-Culex,NA
CSU4473,2013,FC,FC-041,CO,USA,NW,7/17/13,Mosquito-Culex,NA
CSU4474,2013,FC,FC-041,CO,USA,NW,7/17/13,Mosquito-Culex,NA
CSU4485,2013,LV,LV-102,CO,USA,LV,7/18/13,Mosquito-Culex,NA
CSU4488,2013,LV,LV-FLOAT,CO,USA,LV,7/18/13,Mosquito-Culex,NA
CSU4491,2013,LV,LV-122,CO,USA,LV,7/18/13,Mosquito-Culex,NA
CSU4496,2013,LV,LV-098,CO,USA,LV,7/18/13,Mosquito-Culex,NA
CSU4498,2013,LV,LV-105,CO,USA,LV,7/18/13,Mosquito-Culex,NA
CSU4501,2013,FC,FC-054,CO,USA,SE,7/18/13,Mosquito-Culex,NA
CSU4507,2013,FC,FC-068,CO,USA,SW,7/18/13,Mosquito-Culex,NA
CSU4509,2013,FC,FC-057,CO,USA,SW,7/18/13,Mosquito-Culex,NA
CSU4515,2013,FC,FC-089GR,CO,USA,SW,7/18/13,Mosquito-Culex,NA
CSU4522,2013,FC,FC-029,CO,USA,SE,7/18/13,Mosquito-Culex,NA
CSU4523,2013,FC,FC-029,CO,USA,SE,7/18/13,Mosquito-Culex,NA
CSU4535,2013,FC,FC-072,CO,USA,NE,7/22/13,Mosquito-Culex,NA
CSU4543,2013,FC,FC-038,CO,USA,NE,7/22/13,Mosquito-Culex,NA
CSU4556,2013,LV,LV-089,CO,USA,LV,7/22/13,Mosquito-Culex,NA
CSU4563,2013,LV,LV-088,CO,USA,LV,7/22/13,Mosquito-Culex,NA
CSU4566,2013,LV,LV-069,CO,USA,LV,7/22/13,Mosquito-Culex,NA
CSU4570,2013,FC,FC-034,CO,USA,NE,7/22/13,Mosquito-Culex,NA
CSU4588,2013,LV,LV-095,CO,USA,LV,7/22/13,Mosquito-Culex,NA
CSU4589,2013,LV,LV-095,CO,USA,LV,7/22/13,Mosquito-Culex,NA
CSU4592,2013,FC,FC-036,CO,USA,NW,7/22/13,Mosquito-Culex,NA
CSU4593,2013,FC,FC-036,CO,USA,NW,7/22/13,Mosquito-Culex,NA
CSU4598,2013,FC,FC-047,CO,USA,SE,7/23/13,Mosquito-Culex,NA
CSU4601,2013,FC,FC-031,CO,USA,SE,7/23/13,Mosquito-Culex,NA
CSU4606,2013,FC,FC-046,CO,USA,SE,7/23/13,Mosquito-Culex,NA
CSU4607,2013,FC,FC-046,CO,USA,SE,7/23/13,Mosquito-Culex,NA
CSU4626,2013,FC,FC-039,CO,USA,SE,7/23/13,Mosquito-Culex,NA
CSU4629,2013,FC,FC-064,CO,USA,SE,7/23/13,Mosquito-Culex,NA
CSU4632,2013,FC,FC-059,CO,USA,SE,7/23/13,Mosquito-Culex,NA
CSU4639,2013,FC,FC-027,CO,USA,SE,7/23/13,Mosquito-Culex,NA
CSU4641,2013,FC,FC-027,CO,USA,SE,7/23/13,Mosquito-Culex,NA
CSU4642,2013,FC,FC-074,CO,USA,SE,7/23/13,Mosquito-Culex,NA
CSU4643,2013,FC,FC-023,CO,USA,SE,7/23/13,Mosquito-Culex,NA
CSU4664,2013,LV,LV-104,CO,USA,LV,7/24/13,Mosquito-Culex,NA
CSU4684,2013,FC,FC-093,CO,USA,SW,7/25/13,Mosquito-Culex,NA
CSU4688,2013,FC,FC-057,CO,USA,SW,7/25/13,Mosquito-Culex,NA
CSU4689,2013,FC,FC-057,CO,USA,SW,7/25/13,Mosquito-Culex,NA
CSU4690,2013,LV,LV-020,CO,USA,LV,7/25/13,Mosquito-Culex,NA
CSU4693,2013,FC,FC-029,CO,USA,SE,7/25/13,Mosquito-Culex,NA
CSU4700,2013,FC,FC-068,CO,USA,SW,7/25/13,Mosquito-Culex,NA
CSU4701,2013,FC,FC-068,CO,USA,SW,7/25/13,Mosquito-Culex,NA
CSU4702,2013,FC,FC-037,CO,USA,SW,7/25/13,Mosquito-Culex,NA
CSU4703,2013,FC,FC-037,CO,USA,SW,7/25/13,Mosquito-Culex,NA
CSU4713,2013,FC,FC-053,CO,USA,SE,7/25/13,Mosquito-Culex,NA
CSU4714,2013,FC,FC-053,CO,USA,SE,7/25/13,Mosquito-Culex,NA
CSU4746,2013,LV,LV-095,CO,USA,LV,7/29/13,Mosquito-Culex,NA
CSU4756,2013,LV,LV-110,CO,USA,LV,7/30/13,Mosquito-Culex,NA
CSU4763,2013,LV,LV-089,CO,USA,LV,7/30/13,Mosquito-Culex,NA
CSU4768,2013,LV,LV-101,CO,USA,LV,7/30/13,Mosquito-Culex,NA
CSU4769,2013,LV,LV-101,CO,USA,LV,7/30/13,Mosquito-Culex,NA
CSU4776,2013,FC,FC-014,CO,USA,NE,7/30/13,Mosquito-Culex,NA
CSU4788,2013,FC,FC-064,CO,USA,SE,7/30/13,Mosquito-Culex,NA
CSU4808,2013,FC,FC-031,CO,USA,SE,7/30/13,Mosquito-Culex,NA
CSU4812,2013,FC,FC-088GR,CO,USA,SE,7/30/13,Mosquito-Culex,NA
CSU4813,2013,FC,FC-088GR,CO,USA,SE,7/30/13,Mosquito-Culex,NA
CSU4838,2013,FC,FC-058,CO,USA,SW,7/31/13,Mosquito-Culex,NA
CSU4842,2013,LV,LV-087,CO,USA,LV,7/31/13,Mosquito-Culex,NA
CSU4847,2013,FC,FC-029,CO,USA,SE,8/1/13,Mosquito-Culex,NA
CSU4854,2013,FC,FC-089GR,CO,USA,SW,8/1/13,Mosquito-Culex,NA
CSU4857,2013,FC,FC-029GR,CO,USA,SE,8/1/13,Mosquito-Culex,NA
CSU4858,2013,FC,FC-057,CO,USA,SW,8/1/13,Mosquito-Culex,NA
CSU4860,2013,FC,FC-037,CO,USA,SW,8/1/13,Mosquito-Culex,NA
CSU4862,2013,FC,FC-054,CO,USA,SE,8/1/13,Mosquito-Culex,NA
CSU4870,2013,FC,FC-006,CO,USA,NE,8/5/13,Mosquito-Culex,NA
CSU4875,2013,FC,FC-019,CO,USA,NE,8/5/13,Mosquito-Culex,NA
CSU4887,2013,FC,FC-092GR,CO,USA,NE,8/5/13,Mosquito-Culex,NA
CSU4899,2013,FC,FC-040,CO,USA,NE,8/5/13,Mosquito-Culex,NA
CSU4908,2013,LV,LV-104,CO,USA,LV,8/6/13,Mosquito-Culex,NA
CSU4911,2013,FC,FC-039,CO,USA,SE,8/6/13,Mosquito-Culex,NA
CSU4912,2013,FC,FC-039,CO,USA,SE,8/6/13,Mosquito-Culex,NA
CSU4916,2013,LV,LV-089,CO,USA,LV,8/6/13,Mosquito-Culex,NA
CSU4919,2013,LV,LV-089,CO,USA,LV,8/6/13,Mosquito-Culex,NA
CSU4924,2013,FC,FC-075,CO,USA,SE,8/6/13,Mosquito-Culex,NA
CSU4931,2013,FC,FC-075GR,CO,USA,SE,8/6/13,Mosquito-Culex,NA
CSU4932,2013,FC,FC-075GR,CO,USA,SE,8/6/13,Mosquito-Culex,NA
CSU4934,2013,FC,FC-074,CO,USA,SE,8/6/13,Mosquito-Culex,NA
CSU4936,2013,FC,FC-088GR,CO,USA,SE,8/6/13,Mosquito-Culex,NA
CSU4937,2013,FC,FC-088GR,CO,USA,SE,8/6/13,Mosquito-Culex,NA
CSU4940,2013,LV,LV-101,CO,USA,LV,8/6/13,Mosquito-Culex,NA
CSU4946,2013,FC,FC-053,CO,USA,SE,8/6/13,Mosquito-Culex,NA
CSU4947,2013,FC,FC-053,CO,USA,SE,8/6/13,Mosquito-Culex,NA
CSU4950,2013,FC,FC-053,CO,USA,SE,8/6/13,Mosquito-Culex,NA
CSU4955,2013,LV,LV-118,CO,USA,LV,8/6/13,Mosquito-Culex,NA
CSU4956,2013,LV,LV-118,CO,USA,LV,8/6/13,Mosquito-Culex,NA
CSU4960,2013,FC,FC-023,CO,USA,SE,8/6/13,Mosquito-Culex,NA
CSU4964,2013,FC,FC-059,CO,USA,SE,8/6/13,Mosquito-Culex,NA
CSU4965,2013,FC,FC-059,CO,USA,SE,8/6/13,Mosquito-Culex,NA
CSU4967,2013,FC,FC-059,CO,USA,SE,8/6/13,Mosquito-Culex,NA
CSU4974,2013,FC,FC-046,CO,USA,SE,8/6/13,Mosquito-Culex,NA
CSU4975,2013,FC,FC-066,CO,USA,NE,8/6/13,Mosquito-Culex,NA
CSU4978,2013,FC,FC-066,CO,USA,NE,8/6/13,Mosquito-Culex,NA
CSU4979,2013,FC,FC-031,CO,USA,SE,8/6/13,Mosquito-Culex,NA
CSU4981,2013,FC,FC-031,CO,USA,SE,8/6/13,Mosquito-Culex,NA
CSU4983,2013,FC,FC-014,CO,USA,NE,8/6/13,Mosquito-Culex,NA
CSU4987,2013,LV,LV-095,CO,USA,LV,8/6/13,Mosquito-Culex,NA
CSU4989,2013,FC,FC-004,CO,USA,SE,8/6/13,Mosquito-Culex,NA
CSU4991,2013,FC,FC-004,CO,USA,SE,8/6/13,Mosquito-Culex,NA
CSU4993,2013,LV,LV-019,CO,USA,LV,8/7/13,Mosquito-Culex,NA
CSU4994,2013,LV,LV-114,CO,USA,LV,8/7/13,Mosquito-Culex,NA
CSU4999,2013,LV,LV-021 LV-042,CO,USA,LV,8/7/13,Mosquito-Culex,NA
CSU5001,2013,FC,FC-011,CO,USA,NW,8/7/13,Mosquito-Culex,NA
CSU5003,2013,FC,FC-061,CO,USA,NW,8/7/13,Mosquito-Culex,NA
CSU5004,2013,FC,FC-063GR,CO,USA,NW,8/7/13,Mosquito-Culex,NA
CSU5005,2013,FC,FC-041,CO,USA,NW,8/7/13,Mosquito-Culex,NA
CSU5010,2013,LV,LV-087,CO,USA,LV,8/7/13,Mosquito-Culex,NA
CSU5024,2013,LV,LV-105,CO,USA,LV,8/8/13,Mosquito-Culex,NA
CSU5028,2013,LV,LV-097,CO,USA,LV,8/8/13,Mosquito-Culex,NA
CSU5032,2013,FC,FC-093,CO,USA,SW,8/8/13,Mosquito-Culex,NA
CSU5039,2013,FC,FC-071,CO,USA,SW,8/8/13,Mosquito-Culex,NA
CSU5049,2013,FC,FC-006,CO,USA,NE,8/12/13,Mosquito-Culex,NA
CSU5051,2013,FC,FC-019,CO,USA,NE,8/12/13,Mosquito-Culex,NA
CSU5059,2013,FC,FC-038,CO,USA,NE,8/12/13,Mosquito-Culex,NA
CSU5063,2013,FC,FC-040,CO,USA,NE,8/12/13,Mosquito-Culex,NA
CSU5070,2013,FC,FC-069,CO,USA,NE,8/12/13,Mosquito-Culex,NA
CSU5071,2013,FC,FC-073,CO,USA,NW,8/12/13,Mosquito-Culex,NA
CSU5073,2013,FC,FC-072,CO,USA,NE,8/12/13,Mosquito-Culex,NA
CSU5076,2013,FC,FC-092GR,CO,USA,NE,8/12/13,Mosquito-Culex,NA
CSU5078,2013,FC,FC-031,CO,USA,SE,8/13/13,Mosquito-Culex,NA
CSU5108,2013,FC,FC-067,CO,USA,NE,8/13/13,Mosquito-Culex,NA
CSU5111,2013,FC,FC-053,CO,USA,SE,8/13/13,Mosquito-Culex,NA
CSU5126,2013,LV,LV-074GR,CO,USA,LV,8/14/13,Mosquito-Culex,NA
CSU5142,2013,FC,FC-049,CO,USA,NW,8/14/13,Mosquito-Culex,NA
CSU5162,2013,FC,FC-093,CO,USA,SW,8/15/13,Mosquito-Culex,NA
CSU5166,2013,LV,LV-102,CO,USA,LV,8/16/13,Mosquito-Culex,NA
CSU5177,2013,LV,LV-069,CO,USA,LV,8/19/13,Mosquito-Culex,NA
CSU5181,2013,LV,LV-078,CO,USA,LV,8/19/13,Mosquito-Culex,NA
CSU5183,2013,LV,LV-004,CO,USA,LV,8/19/13,Mosquito-Culex,NA
CSU5193,2013,FC,FC-061,CO,USA,NW,8/19/13,Mosquito-Culex,NA
CSU5198,2013,FC,FC-040,CO,USA,NE,8/19/13,Mosquito-Culex,NA
CSU5200,2013,FC,FC-066GR,CO,USA,NE,8/19/13,Mosquito-Culex,NA
CSU5201,2013,FC,FC-092GR,CO,USA,NE,8/19/13,Mosquito-Culex,NA
CSU5210,2013,FC,FC-014,CO,USA,NE,8/19/13,Mosquito-Culex,NA
CSU5236,2013,LV,LV-089,CO,USA,LV,8/20/13,Mosquito-Culex,NA
CSU5243,2013,LV,LV-074,CO,USA,LV,8/20/13,Mosquito-Culex,NA
CSU5255,2013,LV,LV-105,CO,USA,LV,8/22/13,Mosquito-Culex,NA
CSU5266,2013,FC,FC-075GR,CO,USA,SE,8/22/13,Mosquito-Culex,NA
CSU5268,2013,FC,FC-088GR,CO,USA,SE,8/22/13,Mosquito-Culex,NA
CSU5269,2013,FC,FC-004,CO,USA,SE,8/22/13,Mosquito-Culex,NA
CSU5271,2013,FC,FC-027,CO,USA,SE,8/22/13,Mosquito-Culex,NA
CSU5274,2013,FC,FC-050,CO,USA,SE,8/22/13,Mosquito-Culex,NA
CSU5284,2013,FC,FC-071,CO,USA,SW,8/23/13,Mosquito-Culex,NA
CSU5297,2013,FC,FC-049,CO,USA,NW,8/23/13,Mosquito-Culex,NA
CSU5301,2013,LV,LV-079GR,CO,USA,LV,8/26/13,Mosquito-Culex,NA
CSU5306,2013,LV,LV-117,CO,USA,LV,8/26/13,Mosquito-Culex,NA
CSU5308,2013,FC,FC-014,CO,USA,NE,8/26/13,Mosquito-Culex,NA
CSU5313,2013,FC,FC-038,CO,USA,NE,8/26/13,Mosquito-Culex,NA
CSU5320,2013,FC,FC-006,CO,USA,NE,8/26/13,Mosquito-Culex,NA
CSU5325,2013,FC,FC-072,CO,USA,NE,8/26/13,Mosquito-Culex,NA
CSU5344,2013,LV,LV-104,CO,USA,LV,8/27/13,Mosquito-Culex,NA
CSU5349,2013,FC,FC-059,CO,USA,SE,8/27/13,Mosquito-Culex,NA
CSU5358,2013,FC,FC-075,CO,USA,SE,8/27/13,Mosquito-Culex,NA
CSU5359,2013,FC,FC-075,CO,USA,SE,8/27/13,Mosquito-Culex,NA
CSU5360,2013,FC,FC-075GR,CO,USA,SE,8/27/13,Mosquito-Culex,NA
CSU5361,2013,FC,FC-088GR,CO,USA,SE,8/27/13,Mosquito-Culex,NA
CSU5368,2013,FC,FC-049,CO,USA,NW,8/28/13,Mosquito-Culex,NA
CSU5369,2013,FC,FC-049,CO,USA,NW,8/28/13,Mosquito-Culex,NA
CSU5384,2013,FC,FC-029GR,CO,USA,SE,8/29/13,Mosquito-Culex,NA
CSU5385,2013,FC,FC-037,CO,USA,SW,8/29/13,Mosquito-Culex,NA
CSU5386,2013,FC,FC-054,CO,USA,SE,8/29/13,Mosquito-Culex,NA
CSU5392,2013,FC,FC-093,CO,USA,SW,8/29/13,Mosquito-Culex,NA
CSU5952,2014,FC,FC-004,CO,USA,SE,7/21/14,Mosquito-Culex,NA
CSU6017,2014,FC,FC-039,CO,USA,SE,7/22/14,Mosquito-Culex,NA
CSU6034,2014,LV,LV-104,CO,USA,LV,7/22/14,Mosquito-Culex,NA
CSU6058,2014,LV,LV-123,CO,USA,LV,7/22/14,Mosquito-Culex,NA
CSU6099,2014,FC,FC-064,CO,USA,SE,7/22/14,Mosquito-Culex,NA
CSU6189,2014,FC,FC-053,CO,USA,SE,7/28/14,Mosquito-Culex,NA
CSU6192,2014,FC,FC-019,CO,USA,NE,7/28/14,Mosquito-Culex,NA
CSU6194,2014,FC,FC-069,CO,USA,NE,7/28/14,Mosquito-Culex,NA
CSU6226,2014,FC,FC-038,CO,USA,NE,7/28/14,Mosquito-Culex,NA
CSU6262,2014,FC,FC-072,CO,USA,NE,7/28/14,Mosquito-Culex,NA
CSU6272,2014,FC,FC-039,CO,USA,SE,7/29/14,Mosquito-Culex,NA
CSU6290,2014,LV,LV-089,CO,USA,LV,7/29/14,Mosquito-Culex,NA
CSU6306,2014,FC,FC-027,CO,USA,SE,7/29/14,Mosquito-Culex,NA
CSU6318,2014,FC,FC-064,CO,USA,SE,7/29/14,Mosquito-Culex,NA
CSU6326,2014,FC,FC-031,CO,USA,SE,7/29/14,Mosquito-Culex,NA
CSU6327,2014,FC,FC-031,CO,USA,SE,7/29/14,Mosquito-Culex,NA
CSU6347,2014,FC,FC-050,CO,USA,SE,7/29/14,Mosquito-Culex,NA
CSU6354,2014,FC,FC-040GR,CO,USA,NE,8/4/14,Mosquito-Culex,NA
CSU6355,2014,FC,FC-040GR,CO,USA,NE,8/4/14,Mosquito-Culex,NA
CSU6371,2014,LV,LV-079GR,CO,USA,LV,8/4/14,Mosquito-Culex,NA
CSU6372,2014,LV,LV-079GR,CO,USA,LV,8/4/14,Mosquito-Culex,NA
CSU6377,2014,FC,FC-038,CO,USA,NE,8/4/14,Mosquito-Culex,NA
CSU6387,2014,FC,FC-053,CO,USA,SE,8/4/14,Mosquito-Culex,NA
CSU6389,2014,FC,FC-053,CO,USA,SE,8/4/14,Mosquito-Culex,NA
CSU6453,2014,FC,FC-040,CO,USA,NE,8/4/14,Mosquito-Culex,NA
CSU6485,2014,FC,FC-088GR,CO,USA,SE,8/5/14,Mosquito-Culex,NA
CSU6490,2014,LV,LV-104,CO,USA,LV,8/5/14,Mosquito-Culex,NA
CSU6492,2014,LV,LV-077,CO,USA,LV,8/5/14,Mosquito-Culex,NA
CSU6508,2014,FC,FC-047,CO,USA,SE,8/5/14,Mosquito-Culex,NA
CSU6534,2014,FC,FC-074,CO,USA,SE,8/5/14,Mosquito-Culex,NA
CSU6535,2014,FC,FC-074,CO,USA,SE,8/5/14,Mosquito-Culex,NA
CSU6537,2014,FC,FC-031,CO,USA,SE,8/5/14,Mosquito-Culex,NA
CSU6548,2014,FC,FC-027,CO,USA,SE,8/5/14,Mosquito-Culex,NA
CSU6556,2014,LV,LV-067,CO,USA,LV,8/6/14,Mosquito-Culex,NA
CSU6563,2014,LV,LV-042,CO,USA,LV,8/6/14,Mosquito-Culex,NA
CSU6569,2014,FC,FC-039,CO,USA,SE,8/6/14,Mosquito-Culex,NA
CSU6578,2014,FC,FC-063,CO,USA,NW,8/6/14,Mosquito-Culex,NA
CSU6579,2014,FC,FC-041,CO,USA,NW,8/6/14,Mosquito-Culex,NA
CSU6598,2014,LV,LV-010GR,CO,USA,LV,8/7/14,Mosquito-Culex,NA
CSU6599,2014,LV,LV-010GR,CO,USA,LV,8/7/14,Mosquito-Culex,NA
CSU6607,2014,FC,FC-029GR,CO,USA,SE,8/7/14,Mosquito-Culex,NA
CSU6618,2014,FC,FC-062,CO,USA,SW,8/7/14,Mosquito-Culex,NA
CSU6627,2014,LV,LV-114,CO,USA,LV,8/7/14,Mosquito-Culex,NA
CSU6628,2014,LV,LV-114,CO,USA,LV,8/7/14,Mosquito-Culex,NA
CSU6653,2014,LV,LV-080,CO,USA,LV,8/11/14,Mosquito-Culex,NA
CSU6691,2014,FC,FC-006,CO,USA,NE,8/11/14,Mosquito-Culex,NA
CSU6692,2014,FC,FC-006,CO,USA,NE,8/11/14,Mosquito-Culex,NA
CSU6708,2014,LV,LV-074GR,CO,USA,LV,8/12/14,Mosquito-Culex,NA
CSU6712,2014,FC,FC-027,CO,USA,SE,8/12/14,Mosquito-Culex,NA
CSU6732,2014,FC,FC-023,CO,USA,SE,8/12/14,Mosquito-Culex,NA
CSU6752,2014,FC,FC-063GR,CO,USA,NW,8/13/14,Mosquito-Culex,NA
CSU6762,2014,LV,LV-019,CO,USA,LV,8/13/14,Mosquito-Culex,NA
CSU6784,2014,LV,LV-114,CO,USA,LV,8/13/14,Mosquito-Culex,NA
CSU6800,2014,LV,LV-010GR,CO,USA,LV,8/14/14,Mosquito-Culex,NA
CSU6803,2014,LV,LV-014,CO,USA,LV,8/14/14,Mosquito-Culex,NA
CSU6807,2014,FC,FC-029GR,CO,USA,SE,8/14/14,Mosquito-Culex,NA
CSU6822,2014,FC,FC-059,CO,USA,SE,8/14/14,Mosquito-Culex,NA
CSU6825,2014,FC,FC-029,CO,USA,SE,8/14/14,Mosquito-Culex,NA
CSU6836,2014,FC,FC-093,CO,USA,SW,8/14/14,Mosquito-Culex,NA
CSU6841,2014,LV,LV-095,CO,USA,LV,8/18/14,Mosquito-Culex,NA
CSU6869,2014,FC,FC-072,CO,USA,NE,8/18/14,Mosquito-Culex,NA
CSU6892,2014,FC,FC-006,CO,USA,NE,8/18/14,Mosquito-Culex,NA
CSU6893,2014,LV,LV-104,CO,USA,LV,8/19/14,Mosquito-Culex,NA
CSU6933,2014,FC,FC-088GR,CO,USA,SE,8/20/14,Mosquito-Culex,NA
CSU6934,2014,FC,FC-088GR,CO,USA,SE,8/20/14,Mosquito-Culex,NA
CSU6937,2014,FC,FC-053,CO,USA,SE,8/20/14,Mosquito-Culex,NA
CSU6942,2014,FC,FC-027,CO,USA,SE,8/20/14,Mosquito-Culex,NA
CSU6944,2014,FC,FC-027,CO,USA,SE,8/20/14,Mosquito-Culex,NA
CSU6958,2014,FC,FC-029GR,CO,USA,SE,8/21/14,Mosquito-Culex,NA
CSU6961,2014,FC,FC-029,CO,USA,SE,8/21/14,Mosquito-Culex,NA
CSU6980,2014,LV,LV-069,CO,USA,LV,8/25/14,Mosquito-Culex,NA
CSU6989,2014,LV,LV-095,CO,USA,LV,8/25/14,Mosquito-Culex,NA
CSU7009,2014,FC,FC-067,CO,USA,NE,8/25/14,Mosquito-Culex,NA
CSU7013,2014,FC,FC-039,CO,USA,SE,8/26/14,Mosquito-Culex,NA
CSU7028,2014,FC,FC-088GR,CO,USA,SE,8/26/14,Mosquito-Culex,NA
CSU7300,2015,FC,FC-067,CO,USA,NE,6/29/15,Mosquito-Culex,NA
CSU7350,2015,FC,FC-075GR,CO,USA,SE,6/30/15,Mosquito-Culex,NA
CSU7506,2015,FC,FC-014,CO,USA,NE,7/8/15,Mosquito-Culex,NA
CSU7560,2015,FC,FC-053,CO,USA,SE,7/13/15,Mosquito-Culex,NA
CSU7616,2015,FC,FC-040,CO,USA,NE,7/13/15,Mosquito-Culex,NA
CSU7673,2015,FC,FC-027,CO,USA,SE,7/14/15,Mosquito-Culex,NA
CSU7676,2015,FC,FC-027,CO,USA,SE,7/14/15,Mosquito-Culex,NA
CSU7772,2015,LV,LV-069,CO,USA,LV,7/20/15,Mosquito-Culex,NA
CSU7945,2015,FC,FC-040,CO,USA,NE,7/27/15,Mosquito-Culex,NA
CSU7973,2015,LV,LV-104,CO,USA,LV,7/28/15,Mosquito-Culex,NA
CSU7975,2015,LV,LV-110,CO,USA,LV,7/28/15,Mosquito-Culex,NA
CSU7980,2015,FC,FC-088GR,CO,USA,SE,7/28/15,Mosquito-Culex,NA
CSU7992,2015,FC,FC-075,CO,USA,SE,7/28/15,Mosquito-Culex,NA
CSU7996,2015,FC,FC-075GR,CO,USA,SE,7/28/15,Mosquito-Culex,NA
CSU8003,2015,FC,FC-027,CO,USA,SE,7/28/15,Mosquito-Culex,NA
CSU8038,2015,FC,FC-050,CO,USA,SE,7/28/15,Mosquito-Culex,NA
CSU8054,2015,LV,LV-020,CO,USA,LV,7/29/15,Mosquito-Culex,NA
CSU8061,2015,LV,LV-020,CO,USA,LV,7/29/15,Mosquito-Culex,NA
CSU8067,2015,FC,FC-073,CO,USA,NW,7/29/15,Mosquito-Culex,NA
CSU8123,2015,FC,FC-053,CO,USA,SE,8/3/15,Mosquito-Culex,NA
CSU8127,2015,FC,FC-014,CO,USA,NE,8/3/15,Mosquito-Culex,NA
CSU8134,2015,FC,FC-004,CO,USA,SE,8/3/15,Mosquito-Culex,NA
CSU8136,2015,FC,FC-067,CO,USA,NE,8/3/15,Mosquito-Culex,NA
CSU8143,2015,FC,FC-066,CO,USA,NE,8/3/15,Mosquito-Culex,NA
CSU8144,2015,FC,FC-066,CO,USA,NE,8/3/15,Mosquito-Culex,NA
CSU8156,2015,FC,FC-034,CO,USA,NE,8/3/15,Mosquito-Culex,NA
CSU8165,2015,FC,FC-040,CO,USA,NE,8/3/15,Mosquito-Culex,NA
CSU8185,2015,FC,FC-036,CO,USA,NW,8/3/15,Mosquito-Culex,NA
CSU8223,2015,FC,FC-031,CO,USA,SE,8/4/15,Mosquito-Culex,NA
CSU8231,2015,LV,LV-020,CO,USA,LV,8/5/15,Mosquito-Culex,NA
CSU8256,2015,FC,FC-063GR,CO,USA,NW,8/5/15,Mosquito-Culex,NA
CSU8257,2015,FC,FC-063GR,CO,USA,NW,8/5/15,Mosquito-Culex,NA
CSU8278,2015,FC,FC-089GR,CO,USA,SW,8/6/15,Mosquito-Culex,NA
CSU8302,2015,FC,FC-019,CO,USA,NE,8/10/15,Mosquito-Culex,NA
CSU8304,2015,FC,FC-092GR,CO,USA,NE,8/10/15,Mosquito-Culex,NA
CSU8325,2015,FC,FC-036,CO,USA,NW,8/10/15,Mosquito-Culex,NA
CSU8336,2015,FC,FC-074,CO,USA,SE,8/11/15,Mosquito-Culex,NA
CSU8337,2015,FC,FC-088GR,CO,USA,SE,8/11/15,Mosquito-Culex,NA
CSU8339,2015,FC,FC-088GR,CO,USA,SE,8/11/15,Mosquito-Culex,NA
CSU8393,2015,FC,FC-029GR,CO,USA,SE,8/17/15,Mosquito-Culex,NA
CSU8394,2015,FC,FC-029GR,CO,USA,SE,8/18/15,Mosquito-Culex,NA
CSU8400,2015,FC,FC-089GR,CO,USA,SW,8/24/15,Mosquito-Culex,NA
CSU8411,2015,FC,FC-053,CO,USA,SE,8/17/15,Mosquito-Culex,NA
CSU8425,2015,FC,FC-040,CO,USA,NE,8/17/15,Mosquito-Culex,NA
CSU8427,2015,FC,FC-040GR,CO,USA,NE,8/17/15,Mosquito-Culex,NA
CSU8428,2015,FC,FC-040GR,CO,USA,NE,8/17/15,Mosquito-Culex,NA
CSU8436,2015,FC,FC-092GR,CO,USA,NE,8/17/15,Mosquito-Culex,NA
CSU8458,2015,FC,FC-075GR,CO,USA,SE,8/18/15,Mosquito-Culex,NA
CSU8467,2015,FC,FC-088GR,CO,USA,SE,8/18/15,Mosquito-Culex,NA
CSU8492,2015,FC,FC-063GR,CO,USA,NW,8/19/15,Mosquito-Culex,NA
CSU8495,2015,FC,FC-029GR,CO,USA,SE,8/20/15,Mosquito-Culex,NA
CSU8527,2015,FC,FC-040GR,CO,USA,NE,8/24/15,Mosquito-Culex,NA
CSU8528,2015,FC,FC-040GR,CO,USA,NE,8/24/15,Mosquito-Culex,NA
CSU8537,2015,FC,FC-072,CO,USA,NE,8/24/15,Mosquito-Culex,NA
CSU8558,2015,FC,FC-075GR,CO,USA,SE,8/25/15,Mosquito-Culex,NA
CSU8564,2015,FC,FC-088GR,CO,USA,SE,8/25/15,Mosquito-Culex,NA
CSU8565,2015,FC,FC-088GR,CO,USA,SE,8/25/15,Mosquito-Culex,NA
CSU8566,2015,FC,FC-088GR,CO,USA,SE,8/25/15,Mosquito-Culex,NA
CSU8567,2015,FC,FC-088GR,CO,USA,SE,8/25/15,Mosquito-Culex,NA
CSU8568,2015,FC,FC-088GR,CO,USA,SE,8/25/15,Mosquito-Culex,NA
CSU8569,2015,FC,FC-088GR,CO,USA,SE,8/25/15,Mosquito-Culex,NA
CSU8573,2015,FC,FC-059,CO,USA,SE,8/25/15,Mosquito-Culex,NA
CSU8583,2015,FC,FC-046,CO,USA,SE,8/25/15,Mosquito-Culex,NA
CSU8595,2015,FC,FC-090GR,CO,USA,NW,8/26/15,Mosquito-Culex,NA
CSU8609,2015,FC,FC-063GR,CO,USA,NW,8/26/15,Mosquito-Culex,NA
CSU8611,2015,FC,FC-063GR,CO,USA,NW,8/26/15,Mosquito-Culex,NA
CSU8612,2015,FC,FC-063GR,CO,USA,NW,8/26/15,Mosquito-Culex,NA
CSU8613,2015,FC,FC-063GR,CO,USA,NW,8/26/15,Mosquito-Culex,NA
CSU8615,2015,FC,FC-063GR,CO,USA,NW,8/26/15,Mosquito-Culex,NA
CSU8617,2015,FC,FC-063GR,CO,USA,NW,8/26/15,Mosquito-Culex,NA
CSU8618,2015,FC,FC-089GR,CO,USA,SW,8/27/15,Mosquito-Culex,NA
CSU8627,2015,FC,FC-029GR,CO,USA,SE,8/27/15,Mosquito-Culex,NA
CSU8636,2015,LV,LV-020,CO,USA,LV,8/31/15,Mosquito-Culex,NA
CSU8639,2015,LV,LV-069,CO,USA,LV,8/31/15,Mosquito-Culex,NA
CSU8649,2015,FC,FC-053,CO,USA,SE,8/31/15,Mosquito-Culex,NA
CSU8659,2015,FC,FC-040GR,CO,USA,NE,8/31/15,Mosquito-Culex,NA
CSU8660,2015,FC,FC-040GR,CO,USA,NE,8/31/15,Mosquito-Culex,NA
CSU8667,2015,FC,FC-092GR,CO,USA,NE,8/31/15,Mosquito-Culex,NA
CSU8668,2015,FC,FC-092GR,CO,USA,NE,8/31/15,Mosquito-Culex,NA
CSU8688,2015,FC,FC-088GR,CO,USA,SE,9/1/15,Mosquito-Culex,NA
CSU8701,2015,FC,FC-046,CO,USA,SE,9/1/15,Mosquito-Culex,NA
CSU8723,2015,FC,FC-063GR,CO,USA,NW,9/2/15,Mosquito-Culex,NA
CSU8724,2015,FC,FC-089GR,CO,USA,SW,9/3/15,Mosquito-Culex,NA
CSU8725,2015,FC,FC-089GR,CO,USA,SW,9/3/15,Mosquito-Culex,NA
CSU8727,2015,FC,FC-029GR,CO,USA,SE,9/3/15,Mosquito-Culex,NA
CSU8747,2015,FC,FC-092GR,CO,USA,NE,9/7/15,Mosquito-Culex,NA
CSU8759,2015,FC,FC-006,CO,USA,NE,9/7/15,Mosquito-Culex,NA
CSU8802,2015,FC,FC-063GR,CO,USA,NW,9/9/15,Mosquito-Culex,NA
CSU8834,2015,FC,FC-066,CO,USA,NE,9/15/15,Mosquito-Culex,NA
CSU8858,2015,FC,FC-029GR,CO,USA,SE,9/16/15,Mosquito-Culex,NA
CSU9037,2016,LV,LV-020,CO,USA,LV,6/29/16,Mosquito-Culex,NA
CSU9184,2016,FC,FC-092GR,CO,USA,NE,7/11/16,Mosquito-Culex,NA
CSU9297,2016,LV,LV-095,CO,USA,LV,7/18/16,Mosquito-Culex,NA
CSU9310,2016,FC,FC-040GR,CO,USA,NE,7/18/16,Mosquito-Culex,NA
CSU9322,2016,FC,FC-036,CO,USA,NW,7/18/16,Mosquito-Culex,NA
CSU9401,2016,FC,FC-029GR,CO,USA,SE,7/21/16,Mosquito-Culex,NA
CSU9421,2016,LV,LV-069,CO,USA,LV,7/25/16,Mosquito-Culex,NA
CSU9465,2016,FC,FC-039,CO,USA,SE,7/26/16,Mosquito-Culex,NA
CSU9467,2016,FC,FC-039,CO,USA,SE,7/26/16,Mosquito-Culex,NA
CSU9468,2016,FC,FC-053,CO,USA,SE,7/26/16,Mosquito-Culex,NA
CSU9472,2016,FC,FC-064,CO,USA,SE,7/26/16,Mosquito-Culex,NA
CSU9475,2016,FC,FC-075GR,CO,USA,SE,7/26/16,Mosquito-Culex,NA
CSU9476,2016,FC,FC-075GR,CO,USA,SE,7/26/16,Mosquito-Culex,NA
CSU9489,2016,FC,FC-027,CO,USA,SE,7/26/16,Mosquito-Culex,NA
CSU9494,2016,FC,FC-069,CO,USA,NE,7/27/16,Mosquito-Culex,NA
CSU9505,2016,LV,LV-020,CO,USA,LV,7/27/16,Mosquito-Culex,NA
CSU9535,2016,FC,FC-029GR,CO,USA,SE,7/28/16,Mosquito-Culex,NA
CSU9537,2016,FC,FC-054,CO,USA,SE,7/28/16,Mosquito-Culex,NA
CSU9562,2016,FC,FC-040,CO,USA,NE,8/1/16,Mosquito-Culex,NA
CSU9566,2016,FC,FC-066,CO,USA,NE,8/1/16,Mosquito-Culex,NA
CSU9567,2016,FC,FC-036,CO,USA,NW,8/1/16,Mosquito-Culex,NA
CSU9571,2016,FC,FC-006,CO,USA,NE,8/1/16,Mosquito-Culex,NA
CSU9573,2016,FC,FC-066GR,CO,USA,NE,8/1/16,Mosquito-Culex,NA
CSU9591,2016,FC,FC-040GR,CO,USA,NE,8/2/16,Mosquito-Culex,NA
CSU9594,2016,FC,FC-031,CO,USA,SE,8/2/16,Mosquito-Culex,NA
CSU9602,2016,FC,FC-053,CO,USA,SE,8/2/16,Mosquito-Culex,NA
CSU9676,2016,FC,FC-066GR,CO,USA,NE,8/8/16,Mosquito-Culex,NA
CSU9678,2016,FC,FC-038,CO,USA,NE,8/8/16,Mosquito-Culex,NA
CSU9679,2016,FC,FC-014,CO,USA,NE,8/8/16,Mosquito-Culex,NA
CSU9686,2016,FC,FC-066,CO,USA,NE,8/8/16,Mosquito-Culex,NA
CSU9699,2016,LV,LV-069,CO,USA,LV,8/8/16,Mosquito-Culex,NA
CSU9708,2016,FC,FC-067,CO,USA,NE,8/8/16,Mosquito-Culex,NA
CSU9711,2016,FC,FC-063GR,CO,USA,NW,8/9/16,Mosquito-Culex,NA
CSU9737,2016,LV,LV-104,CO,USA,LV,8/9/16,Mosquito-Culex,NA
CSU9738,2016,LV,LV-104,CO,USA,LV,8/9/16,Mosquito-Culex,NA
CSU9740,2016,FC,FC-073,CO,USA,NW,8/10/16,Mosquito-Culex,NA
CSU9745,2016,FC,FC-036,CO,USA,NW,8/10/16,Mosquito-Culex,NA
CSU9748,2016,FC,FC-040GR,CO,USA,NE,8/10/16,Mosquito-Culex,NA
CSU9752,2016,FC,FC-075GR,CO,USA,SE,8/10/16,Mosquito-Culex,NA
CSU9757,2016,FC,FC-064,CO,USA,SE,8/10/16,Mosquito-Culex,NA
CSU9761,2016,FC,FC-088GR,CO,USA,SE,8/10/16,Mosquito-Culex,NA
CSU9762,2016,FC,FC-088GR,CO,USA,SE,8/10/16,Mosquito-Culex,NA
CSU9763,2016,FC,FC-088GR,CO,USA,SE,8/10/16,Mosquito-Culex,NA
CSU9767,2016,FC,FC-004,CO,USA,SE,8/10/16,Mosquito-Culex,NA
CSU9772,2016,FC,FC-027,CO,USA,SE,8/10/16,Mosquito-Culex,NA
CSU9776,2016,FC,FC-027,CO,USA,SE,8/10/16,Mosquito-Culex,NA
CSU9790,2016,FC,FC-029GR,CO,USA,SE,8/11/16,Mosquito-Culex,NA
CSU9797,2016,FC,FC-093,CO,USA,SW,8/11/16,Mosquito-Culex,NA
CSU9800,2016,FC,FC-089GR,CO,USA,SW,8/11/16,Mosquito-Culex,NA
CSU9805,2016,FC,FC-037,CO,USA,SW,8/11/16,Mosquito-Culex,NA
CSU9808,2016,FC,FC-069,CO,USA,NE,8/15/16,Mosquito-Culex,NA
CSU9813,2016,LV,LV-069,CO,USA,LV,8/15/16,Mosquito-Culex,NA
CSU9819,2016,FC,FC-040GR,CO,USA,NE,8/15/16,Mosquito-Culex,NA
CSU9820,2016,FC,FC-040GR,CO,USA,NE,8/15/16,Mosquito-Culex,NA
CSU9826,2016,FC,FC-034,CO,USA,NE,8/15/16,Mosquito-Culex,NA
CSU9828,2016,FC,FC-036,CO,USA,NW,8/15/16,Mosquito-Culex,NA
CSU9831,2016,FC,FC-006,CO,USA,NE,8/15/16,Mosquito-Culex,NA
CSU9836,2016,FC,FC-066GR,CO,USA,NE,8/15/16,Mosquito-Culex,NA
CSU9838,2016,FC,FC-066GR,CO,USA,NE,8/15/16,Mosquito-Culex,NA
CSU9841,2016,FC,FC-092GR,CO,USA,NE,8/15/16,Mosquito-Culex,NA
CSU9845,2016,FC,FC-091GR,CO,USA,NE,8/15/16,Mosquito-Culex,NA
CSU9846,2016,FC,FC-091GR,CO,USA,NE,8/15/16,Mosquito-Culex,NA
CSU9854,2016,FC,FC-067,CO,USA,NE,8/15/16,Mosquito-Culex,NA
CSU9858,2016,FC,FC-067,CO,USA,NE,8/15/16,Mosquito-Culex,NA
CSU9862,2016,LV,LV-089,CO,USA,LV,8/16/16,Mosquito-Culex,NA
CSU9868,2016,FC,FC-075GR,CO,USA,SE,8/16/16,Mosquito-Culex,NA
CSU9869,2016,FC,FC-075GR,CO,USA,SE,8/16/16,Mosquito-Culex,NA
CSU9873,2016,FC,FC-075,CO,USA,SE,8/16/16,Mosquito-Culex,NA
CSU9875,2016,FC,FC-088GR,CO,USA,SE,8/16/16,Mosquito-Culex,NA
CSU9876,2016,FC,FC-074,CO,USA,SE,8/16/16,Mosquito-Culex,NA
CSU9877,2016,FC,FC-004,CO,USA,SE,8/16/16,Mosquito-Culex,NA
CSU9880,2016,FC,FC-027,CO,USA,SE,8/16/16,Mosquito-Culex,NA
CSU9904,2016,FC,FC-090GR,CO,USA,NW,8/17/16,Mosquito-Culex,NA
CSU9913,2016,FC,FC-049,CO,USA,NW,8/17/16,Mosquito-Culex,NA
CSU9921,2016,FC,FC-089GR,CO,USA,SW,8/18/16,Mosquito-Culex,NA
CSU9930,2016,FC,FC-093,CO,USA,SW,8/18/16,Mosquito-Culex,NA
CSU9949,2016,LV,LV-069,CO,USA,LV,8/22/16,Mosquito-Culex,NA
CSU9952,2016,LV,LV-079GR,CO,USA,LV,8/22/16,Mosquito-Culex,NA
CSU9954,2016,LV,LV-074GR,CO,USA,LV,8/23/16,Mosquito-Culex,NA
CSU9955,2016,LV,LV-074GR,CO,USA,LV,8/23/16,Mosquito-Culex,NA
CSU9957,2016,FC,FC-031,CO,USA,SE,8/23/16,Mosquito-Culex,NA
CSU9961,2016,FC,FC-047,CO,USA,SE,8/23/16,Mosquito-Culex,NA
CSU9976,2016,FC,FC-059,CO,USA,SE,8/23/16,Mosquito-Culex,NA
CSU9981,2016,FC,FC-088GR,CO,USA,SE,8/23/16,Mosquito-Culex,NA
CSU9984,2016,FC,FC-075GR,CO,USA,SE,8/23/16,Mosquito-Culex,NA
CSU9991,2016,LV,LV-020,CO,USA,LV,8/24/16,Mosquito-Culex,NA
CSU9999,2016,FC,FC-090GR,CO,USA,NW,8/24/16,Mosquito-Culex,NA
CSU10000,2016,FC,FC-090GR,CO,USA,NW,8/24/16,Mosquito-Culex,NA
CSU10001,2016,FC,FC-090GR,CO,USA,NW,8/24/16,Mosquito-Culex,NA
CSU10006,2016,FC,FC-063GR,CO,USA,NW,8/24/16,Mosquito-Culex,NA
CSU10024,2016,FC,FC-040,CO,USA,NE,8/25/16,Mosquito-Culex,NA
CSU10224,2016,FC,FC-090GR,CO,USA,NW,9/15/16,Mosquito-Culex,NA
CSU10610,2017,FC,FC-053,CO,USA,SE,7/11/17,Mosquito-Culex,NA
CSU10613,2017,FC,FC-053,CO,USA,SE,7/11/17,Mosquito-Culex,NA
CSU10669,2017,BE,LC-053,CO,USA,LC,7/12/17,Mosquito-Culex,NA
CSU10672,2017,BE,LC-053,CO,USA,LC,7/12/17,Mosquito-Culex,NA
CSU10710,2017,FC,FC-040GR,CO,USA,NE,7/17/17,Mosquito-Culex,NA
CSU10766,2017,FC,FC-053,CO,USA,SE,7/18/17,Mosquito-Culex,NA
CSU10774,2017,FC,FC-004,CO,USA,SE,7/18/17,Mosquito-Culex,NA
CSU10804,2017,BE,LC-054,CO,USA,LC,7/19/17,Mosquito-Culex,NA
CSU10808,2017,LV,LV-020,CO,USA,LV,7/19/17,Mosquito-Culex,NA
CSU10812,2017,BE,LC-001,CO,USA,LC,7/19/17,Mosquito-Culex,NA
CSU10879,2017,LV,LV-095,CO,USA,LV,7/24/17,Mosquito-Culex,NA
CSU10888,2017,FC,FC-092GR,CO,USA,NE,7/24/17,Mosquito-Culex,NA
CSU10892,2017,FC,FC-072,CO,USA,NE,7/24/17,Mosquito-Culex,NA
CSU10911,2017,FC,FC-031,CO,USA,SE,7/25/17,Mosquito-Culex,NA
CSU10938,2017,FC,FC-088GR,CO,USA,SE,7/25/17,Mosquito-Culex,NA
CSU10968,2017,FC,FC-041,CO,USA,NW,7/26/17,Mosquito-Culex,NA
CSU11010,2017,FC,FC-067,CO,USA,NE,7/31/17,Mosquito-Culex,NA
CSU11025,2017,FC,FC-092GR,CO,USA,NE,7/31/17,Mosquito-Culex,NA
CSU11045,2017,FC,FC-039,CO,USA,SE,8/1/17,Mosquito-Culex,NA
CSU11046,2017,FC,FC-064,CO,USA,SE,8/1/17,Mosquito-Culex,NA
CSU11049,2017,FC,FC-031,CO,USA,SE,8/1/17,Mosquito-Culex,NA
CSU11071,2017,FC,FC-088GR,CO,USA,SE,8/1/17,Mosquito-Culex,NA
CSU11072,2017,FC,FC-088GR,CO,USA,SE,8/1/17,Mosquito-Culex,NA
CSU11073,2017,FC,FC-088GR,CO,USA,SE,8/1/17,Mosquito-Culex,NA
CSU11076,2017,FC,FC-088GR,CO,USA,SE,8/1/17,Mosquito-Culex,NA
CSU11080,2017,FC,FC-027,CO,USA,SE,8/1/17,Mosquito-Culex,NA
CSU11099,2017,FC,FC-060,CO,USA,SW,8/2/17,Mosquito-Culex,NA
CSU11116,2017,FC,FC-001,CO,USA,SW,8/3/17,Mosquito-Culex,NA
CSU11135,2017,FC,FC-038,CO,USA,NE,8/7/17,Mosquito-Culex,NA
CSU11165,2017,FC,FC-039,CO,USA,SE,8/8/17,Mosquito-Culex,NA
CSU11175,2017,FC,FC-088GR,CO,USA,SE,8/8/17,Mosquito-Culex,NA
CSU11217,2017,FC,FC-093,CO,USA,SW,8/10/17,Mosquito-Culex,NA
CSU11225,2017,LV,LV-069,CO,USA,LV,8/14/17,Mosquito-Culex,NA
CSU11241,2017,FC,FC-040GR,CO,USA,NE,8/14/17,Mosquito-Culex,NA
CSU11247,2017,FC,FC-072,CO,USA,NE,8/14/17,Mosquito-Culex,NA
CSU11262,2017,FC,FC-088GR,CO,USA,SE,8/15/17,Mosquito-Culex,NA
CSU11264,2017,FC,FC-075GR,CO,USA,SE,8/15/17,Mosquito-Culex,NA
CSU11265,2017,FC,FC-004,CO,USA,SE,8/15/17,Mosquito-Culex,NA
CSU11327,2017,FC,FC-036,CO,USA,NW,8/21/17,Mosquito-Culex,NA
CSU11355,2017,BE,LC-049,CO,USA,LC,8/23/17,Mosquito-Culex,NA
CSU11358,2017,FC,FC-088GR,CO,USA,SE,8/23/17,Mosquito-Culex,NA
CSU11359,2017,BE,LC-054,CO,USA,LC,8/23/17,Mosquito-Culex,NA
CSU11361,2017,BE,LC-053,CO,USA,LC,8/23/17,Mosquito-Culex,NA
CSU11373,2017,FC,FC-050,CO,USA,SE,8/23/17,Mosquito-Culex,NA
CSU11443,2017,FC,FC-075GR,CO,USA,SE,8/29/17,Mosquito-Culex,NA
CSU11511,2017,FC,FC-088GR,CO,USA,SE,9/6/17,Mosquito-Culex,NA
CSU11990,2018,BE,LC-054,CO,USA,LC,7/11/18,Mosquito-Culex,NA
CSU12001,2018,FC,FC-089GR,CO,USA,SW,7/12/18,Mosquito-Culex,NA
CSU12036,2018,LV,LV-110,CO,USA,LV,7/17/18,Mosquito-Culex,NA
CSU12092,2018,FC,FC-093,CO,USA,SW,7/19/18,Mosquito-Culex,NA
CSU12093,2018,FC,FC-029GR,CO,USA,SE,7/19/18,Mosquito-Culex,NA
CSU12107,2018,LV,LV-095,CO,USA,LV,7/23/18,Mosquito-Culex,NA
CSU12147,2018,FC,FC-050,CO,USA,SE,7/24/18,Mosquito-Culex,NA
CSU12168,2018,BE,LC-054,CO,USA,LC,7/25/18,Mosquito-Culex,NA
CSU12173,2018,FC,FC-063GR,CO,USA,NW,7/25/18,Mosquito-Culex,NA
CSU12174,2018,FC,FC-063GR,CO,USA,NW,7/25/18,Mosquito-Culex,NA
CSU12175,2018,FC,FC-063GR,CO,USA,NW,7/25/18,Mosquito-Culex,NA
CSU12330,2018,LV,LV-095,CO,USA,LV,8/6/18,Mosquito-Culex,NA
CSU12338,2018,FC,FC-092GR,CO,USA,NE,8/6/18,Mosquito-Culex,NA
CSU12371,2018,FC,FC-088GR,CO,USA,SE,8/7/18,Mosquito-Culex,NA
CSU12401,2018,BE,LC-001,CO,USA,LC,8/8/18,Mosquito-Culex,NA
CSU12413,2018,FC,FC-063GR,CO,USA,NW,8/8/18,Mosquito-Culex,NA
CSU12416,2018,FC,FC-075GR,CO,USA,SE,8/8/18,Mosquito-Culex,NA
CSU12417,2018,FC,FC-075GR,CO,USA,SE,8/8/18,Mosquito-Culex,NA
CSU12418,2018,FC,FC-075GR,CO,USA,SE,8/8/18,Mosquito-Culex,NA
CSU12419,2018,FC,FC-075GR,CO,USA,SE,8/8/18,Mosquito-Culex,NA
CSU12427,2018,FC,FC-011,CO,USA,NW,8/8/18,Mosquito-Culex,NA
CSU12439,2018,FC,FC-089GR,CO,USA,SW,8/9/18,Mosquito-Culex,NA
CSU12445,2018,FC,FC-029GR,CO,USA,SE,8/9/18,Mosquito-Culex,NA
CSU12450,2018,LV,LV-069,CO,USA,LV,8/13/18,Mosquito-Culex,NA
CSU12459,2018,FC,FC-040,CO,USA,NE,8/13/18,Mosquito-Culex,NA
CSU12460,2018,FC,FC-066,CO,USA,NE,8/13/18,Mosquito-Culex,NA
CSU12466,2018,FC,FC-040GR,CO,USA,NE,8/13/18,Mosquito-Culex,NA
CSU12493,2018,FC,FC-067,CO,USA,NE,8/13/18,Mosquito-Culex,NA
CSU12497,2018,FC,FC-067,CO,USA,NE,8/13/18,Mosquito-Culex,NA
CSU12506,2018,FC,FC-046,CO,USA,SE,8/14/18,Mosquito-Culex,NA
CSU12509,2018,FC,FC-039,CO,USA,SE,8/14/18,Mosquito-Culex,NA
CSU12512,2018,FC,FC-004,CO,USA,SE,8/14/18,Mosquito-Culex,NA
CSU12519,2018,FC,FC-075GR,CO,USA,SE,8/14/18,Mosquito-Culex,NA
CSU12528,2018,FC,FC-088GR,CO,USA,SE,8/14/18,Mosquito-Culex,NA
CSU12529,2018,FC,FC-088GR,CO,USA,SE,8/14/18,Mosquito-Culex,NA
CSU12530,2018,FC,FC-088GR,CO,USA,SE,8/14/18,Mosquito-Culex,NA
CSU12531,2018,LV,LV-020,CO,USA,LV,8/15/18,Mosquito-Culex,NA
CSU12532,2018,FC,FC-090GR,CO,USA,NW,8/15/18,Mosquito-Culex,NA
CSU12543,2018,FC,FC-049,CO,USA,NW,8/15/18,Mosquito-Culex,NA
CSU12554,2018,FC,FC-041,CO,USA,NW,8/15/18,Mosquito-Culex,NA
CSU12563,2018,FC,FC-029GR,CO,USA,SE,8/16/18,Mosquito-Culex,NA
CSU12565,2018,FC,FC-029GR,CO,USA,SE,8/16/18,Mosquito-Culex,NA
CSU12567,2018,FC,FC-093,CO,USA,SW,8/16/18,Mosquito-Culex,NA
CSU12573,2018,FC,FC-037,CO,USA,SW,8/16/18,Mosquito-Culex,NA
CSU12575,2018,FC,FC-037,CO,USA,SW,8/16/18,Mosquito-Culex,NA
CSU12580,2018,FC,FC-066GR,CO,USA,NE,8/20/18,Mosquito-Culex,NA
CSU12581,2018,FC,FC-091GR,CO,USA,NE,8/20/18,Mosquito-Culex,NA
CSU12589,2018,FC,FC-036,CO,USA,NW,8/20/18,Mosquito-Culex,NA
CSU12599,2018,FC,FC-069,CO,USA,NE,8/20/18,Mosquito-Culex,NA
CSU12614,2018,FC,FC-046,CO,USA,SE,8/21/18,Mosquito-Culex,NA
CSU12623,2018,FC,FC-088GR,CO,USA,SE,8/21/18,Mosquito-Culex,NA
CSU12625,2018,FC,FC-047,CO,USA,SE,8/21/18,Mosquito-Culex,NA
CSU12632,2018,FC,FC-027,CO,USA,SE,8/21/18,Mosquito-Culex,NA
CSU12650,2018,FC,FC-041,CO,USA,NW,8/22/18,Mosquito-Culex,NA
CSU12658,2018,FC,FC-063,CO,USA,NW,8/22/18,Mosquito-Culex,NA
CSU12669,2018,FC,FC-062,CO,USA,SW,8/23/18,Mosquito-Culex,NA
CSU12677,2018,FC,FC-029,CO,USA,SE,8/23/18,Mosquito-Culex,NA
CSU12706,2018,FC,FC-011,CO,USA,NW,8/28/18,Mosquito-Culex,NA
CSU12726,2018,FC,FC-089GR,CO,USA,SW,8/29/18,Mosquito-Culex,NA
CSU12730,2018,FC,FC-039,CO,USA,SE,8/29/18,Mosquito-Culex,NA
CSU12731,2018,FC,FC-064,CO,USA,SE,8/29/18,Mosquito-Culex,NA
CSU12735,2018,FC,FC-075,CO,USA,SE,8/29/18,Mosquito-Culex,NA
CSU12737,2018,FC,FC-088GR,CO,USA,SE,8/29/18,Mosquito-Culex,NA
CSU12738,2018,FC,FC-075GR,CO,USA,SE,8/29/18,Mosquito-Culex,NA
CSU12739,2018,FC,FC-075GR,CO,USA,SE,8/29/18,Mosquito-Culex,NA
CSU12744,2018,FC,FC-027,CO,USA,SE,8/29/18,Mosquito-Culex,NA
CSU12750,2018,FC,FC-050,CO,USA,SE,8/29/18,Mosquito-Culex,NA
CSU12755,2018,FC,FC-034,CO,USA,NE,8/30/18,Mosquito-Culex,NA
CSU12768,2018,FC,FC-091GR,CO,USA,NE,8/30/18,Mosquito-Culex,NA
CSU12776,2018,FC,FC-092GR,CO,USA,NE,8/30/18,Mosquito-Culex,NA
CSU12779,2018,FC,FC-067,CO,USA,NE,8/30/18,Mosquito-Culex,NA
CSU12782,2018,FC,FC-040GR,CO,USA,NE,8/30/18,Mosquito-Culex,NA
CSU12790,2018,FC,FC-067,CO,USA,NE,9/4/18,Mosquito-Culex,NA
CSU12803,2018,FC,FC-091GR,CO,USA,NE,9/4/18,Mosquito-Culex,NA
CSU12825,2018,FC,FC-090GR,CO,USA,NW,9/5/18,Mosquito-Culex,NA
CSU12865,2018,FC,FC-093,CO,USA,SW,9/6/18,Mosquito-Culex,NA
CSU12868,2018,FC,FC-092GR,CO,USA,NE,9/11/18,Mosquito-Culex,NA
CSU12871,2018,FC,FC-040GR,CO,USA,NE,9/11/18,Mosquito-Culex,NA
CSU12890,2018,FC,FC-075GR,CO,USA,SE,9/11/18,Mosquito-Culex,NA
CSU12892,2018,FC,FC-075GR,CO,USA,SE,9/11/18,Mosquito-Culex,NA
CSU12894,2018,FC,FC-090GR,CO,USA,NW,9/12/18,Mosquito-Culex,NA
CSU12900,2018,FC,FC-063GR,CO,USA,NW,9/12/18,Mosquito-Culex,NA
CSU13776,2019,LV,LV-069,CO,USA,LV,8/18/19,Mosquito-Culex,NA
CSU13782,2019,FC,FC-092GR,CO,USA,NE,8/18/19,Mosquito-Culex,NA
CSU13791,2019,FC,FC-066,CO,USA,NE,8/18/19,Mosquito-Culex,NA
CSU13798,2019,FC,FC-053,CO,USA,SE,8/19/19,Mosquito-Culex,NA
CSU13804,2019,FC,FC-075GR,CO,USA,SE,8/19/19,Mosquito-Culex,NA
CSU13808,2019,FC,FC-088GR,CO,USA,SE,8/19/19,Mosquito-Culex,NA
CSU13810,2019,FC,FC-088GR,CO,USA,SE,8/19/19,Mosquito-Culex,NA
CSU13831,2019,FC,FC-061,CO,USA,NW,8/20/19,Mosquito-Culex,NA
CSU13866,2019,FC,FC-089GR,CO,USA,SW,8/21/19,Mosquito-Culex,NA
CSU13877,2019,FC,FC-034,CO,USA,NE,8/25/19,Mosquito-Culex,NA
CSU13878,2019,FC,FC-034,CO,USA,NE,8/25/19,Mosquito-Culex,NA
CSU13880,2019,LV,LV-095,CO,USA,LV,8/25/19,Mosquito-Culex,NA
CSU13884,2019,FC,FC-069,CO,USA,NE,8/25/19,Mosquito-Culex,NA
CSU13886,2019,FC,FC-040,CO,USA,NE,8/25/19,Mosquito-Culex,NA
CSU13889,2019,FC,FC-036,CO,USA,NW,8/25/19,Mosquito-Culex,NA
CSU13894,2019,FC,FC-072,CO,USA,NE,8/25/19,Mosquito-Culex,NA
CSU13913,2019,FC,FC-050,CO,USA,SE,8/26/19,Mosquito-Culex,NA
CSU13931,2019,FC,FC-075GR,CO,USA,SE,8/26/19,Mosquito-Culex,NA
CSU13947,2019,FC,FC-063GR,CO,USA,NW,8/27/19,Mosquito-Culex,NA
CSU13954,2019,LV,LV-020,CO,USA,LV,8/27/19,Mosquito-Culex,NA
CSU13985,2019,FC,FC-040,CO,USA,NE,9/1/19,Mosquito-Culex,NA
CSU13999,2019,FC,FC-066GR,CO,USA,NE,9/1/19,Mosquito-Culex,NA
CSU14000,2019,FC,FC-066GR,CO,USA,NE,9/1/19,Mosquito-Culex,NA
CSU14002,2019,FC,FC-066,CO,USA,NE,9/1/19,Mosquito-Culex,NA
CSU14013,2019,FC,FC-075GR,CO,USA,SE,9/2/19,Mosquito-Culex,NA
CSU14047,2019,FC,FC-063GR,CO,USA,NW,9/3/19,Mosquito-Culex,NA
CSU14055,2019,FC,FC-029GR,CO,USA,SE,9/4/19,Mosquito-Culex,NA
CSU14077,2019,FC,FC-088GR,CO,USA,SE,9/9/19,Mosquito-Culex,NA
CSU14641,2020,FC,FC-039,CO,USA,SE,7/21/20,Mosquito-Culex,NA
CSU14775,2020,FC,FC-088GR,CO,USA,SE,7/28/20,Mosquito-Culex,NA
CSU14827,2020,BE,LC-055,CO,USA,LC,7/29/20,Mosquito-Culex,NA
CSU14907,2020,FC,FC-088GR,CO,USA,SE,8/4/20,Mosquito-Culex,NA
CSU14932,2020,LV,LV-020,CO,USA,LV,8/5/20,Mosquito-Culex,NA
CSU14940,2020,FC,FC-037,CO,USA,SW,8/6/20,Mosquito-Culex,NA
CSU14954,2020,FC,FC-089GR,CO,USA,SW,8/6/20,Mosquito-Culex,NA
CSU14964,2020,FC,FC-066GR,CO,USA,NE,8/10/20,Mosquito-Culex,NA
CSU14974,2020,LV,LV-095,CO,USA,LV,8/10/20,Mosquito-Culex,NA
CSU15001,2020,FC,FC-046,CO,USA,SE,8/11/20,Mosquito-Culex,NA
CSU15012,2020,FC,FC-053,CO,USA,SE,8/11/20,Mosquito-Culex,NA
CSU15019,2020,FC,FC-004,CO,USA,SE,8/11/20,Mosquito-Culex,NA
CSU15024,2020,FC,FC-027,CO,USA,SE,8/11/20,Mosquito-Culex,NA
CSU15025,2020,FC,FC-027,CO,USA,SE,8/11/20,Mosquito-Culex,NA
CSU15058,2020,FC,FC-049,CO,USA,NW,8/12/20,Mosquito-Culex,NA
CSU15061,2020,BE,LC-053,CO,USA,LC,8/12/20,Mosquito-Culex,NA
CSU15126,2020,FC,FC-053,CO,USA,SE,8/18/20,Mosquito-Culex,NA
CSU15129,2020,FC,FC-075GR,CO,USA,SE,8/18/20,Mosquito-Culex,NA
CSU15130,2020,FC,FC-075GR,CO,USA,SE,8/18/20,Mosquito-Culex,NA
CSU15131,2020,FC,FC-075GR,CO,USA,SE,8/18/20,Mosquito-Culex,NA
CSU15135,2020,FC,FC-004,CO,USA,SE,8/18/20,Mosquito-Culex,NA
CSU15137,2020,FC,FC-027,CO,USA,SE,8/18/20,Mosquito-Culex,NA
CSU15138,2020,FC,FC-027,CO,USA,SE,8/18/20,Mosquito-Culex,NA
CSU15142,2020,FC,FC-059,CO,USA,SE,8/18/20,Mosquito-Culex,NA
CSU15150,2020,FC,FC-088GR,CO,USA,SE,8/18/20,Mosquito-Culex,NA
CSU15153,2020,FC,FC-088GR,CO,USA,SE,8/18/20,Mosquito-Culex,NA
CSU15181,2020,FC,FC-063GR,CO,USA,NW,8/19/20,Mosquito-Culex,NA
CSU15193,2020,FC,FC-001,CO,USA,SW,8/20/20,Mosquito-Culex,NA
CSU15200,2020,FC,FC-029GR,CO,USA,SE,8/20/20,Mosquito-Culex,NA
CSU15214,2020,FC,FC-066GR,CO,USA,NE,8/24/20,Mosquito-Culex,NA
CSU15223,2020,FC,FC-040GR,CO,USA,NE,8/24/20,Mosquito-Culex,NA
CSU15258,2020,FC,FC-075GR,CO,USA,SE,8/25/20,Mosquito-Culex,NA
CSU15267,2020,FC,FC-088GR,CO,USA,SE,8/25/20,Mosquito-Culex,NA
CSU15269,2020,FC,FC-088GR,CO,USA,SE,8/25/20,Mosquito-Culex,NA
CSU15300,2020,FC,FC-029GR,CO,USA,SE,8/27/20,Mosquito-Culex,NA
CSU15303,2020,FC,FC-089GR,CO,USA,SW,8/27/20,Mosquito-Culex,NA
CSU15334,2020,LV,LV-020,CO,USA,LV,9/1/20,Mosquito-Culex,NA
CSU15900,2021,FC,FC-031,CO,USA,SE,7/12/21,Mosquito-Culex,NA
CSU16031,2021,FC,FC-029,CO,USA,SE,7/14/21,Mosquito-Culex,NA
BOU00025,2021,BC,BC-09,CO,USA,BC,7/12/21,Mosquito-Culex,NA
CSU16036,2021,LV,LV-069,CO,USA,LV,7/18/21,Mosquito-Culex,NA
CSU16137,2021,FC,FC-074,CO,USA,SE,7/19/21,Mosquito-Culex,NA
CSU16146,2021,FC,FC-075,CO,USA,SE,7/19/21,Mosquito-Culex,NA
CSU16186,2021,BE,LC-053,CO,USA,LC,7/20/21,Mosquito-Culex,NA
CSU16297,2021,LV,LV-089,CO,USA,LV,7/26/21,Mosquito-Culex,NA
CSU16312,2021,FC,FC-064,CO,USA,SE,7/26/21,Mosquito-Culex,NA
CSU16316,2021,FC,FC-064,CO,USA,SE,7/26/21,Mosquito-Culex,NA
CSU16323,2021,FC,FC-004,CO,USA,SE,7/26/21,Mosquito-Culex,NA
CSU16337,2021,FC,FC-088GR,CO,USA,SE,7/26/21,Mosquito-Culex,NA
CSU16344,2021,FC,FC-074,CO,USA,SE,7/26/21,Mosquito-Culex,NA
CSU16347,2021,FC,FC-027,CO,USA,SE,7/26/21,Mosquito-Culex,NA
CSU16389,2021,BE,LC-053,CO,USA,LC,7/27/21,Mosquito-Culex,NA
CSU16403,2021,BE,LC-054,CO,USA,LC,7/27/21,Mosquito-Culex,NA
CSU16447,2021,FC,FC-062,CO,USA,SW,7/28/21,Mosquito-Culex,NA
CSU16450,2021,FC,FC-093,CO,USA,SW,7/28/21,Mosquito-Culex,NA
CSU16461,2021,FC,FC-029GR,CO,USA,SE,7/28/21,Mosquito-Culex,NA
CSU16485,2021,LV,LV-069,CO,USA,LV,8/1/21,Mosquito-Culex,NA
CSU16498,2021,FC,FC-034,CO,USA,NE,8/1/21,Mosquito-Culex,NA
CSU16535,2021,FC,FC-066,CO,USA,NE,8/1/21,Mosquito-Culex,NA
CSU16549,2021,LV,LV-089,CO,USA,LV,8/2/21,Mosquito-Culex,NA
CSU16555,2021,FC,FC-075GR,CO,USA,SE,8/2/21,Mosquito-Culex,NA
CSU16562,2021,FC,FC-039,CO,USA,SE,8/2/21,Mosquito-Culex,NA
CSU16566,2021,FC,FC-075,CO,USA,SE,8/2/21,Mosquito-Culex,NA
CSU16577,2021,FC,FC-027,CO,USA,SE,8/2/21,Mosquito-Culex,NA
CSU16580,2021,FC,FC-027,CO,USA,SE,8/2/21,Mosquito-Culex,NA
CSU16582,2021,FC,FC-053,CO,USA,SE,8/2/21,Mosquito-Culex,NA
CSU16590,2021,FC,FC-074,CO,USA,SE,8/2/21,Mosquito-Culex,NA
CSU16593,2021,FC,FC-004,CO,USA,SE,8/2/21,Mosquito-Culex,NA
CSU16605,2021,BE,LC-049,CO,USA,LC,8/3/21,Mosquito-Culex,NA
CSU16631,2021,FC,FC-054,CO,USA,SE,8/4/21,Mosquito-Culex,NA
CSU16650,2021,FC,FC-089GR,CO,USA,SW,8/4/21,Mosquito-Culex,NA
CSU16653,2021,FC,FC-089GR,CO,USA,SW,8/4/21,Mosquito-Culex,NA
CSU16656,2021,FC,FC-037,CO,USA,SW,8/4/21,Mosquito-Culex,NA
BOU00038,2021,BC,BC-18,CO,USA,BC,8/2/21,Mosquito-Culex,NA
CSU16658,2021,LV,LV-069,CO,USA,LV,8/8/21,Mosquito-Culex,NA
CSU16673,2021,FC,FC-040GR,CO,USA,NE,8/8/21,Mosquito-Culex,NA
CSU16674,2021,FC,FC-040GR,CO,USA,NE,8/8/21,Mosquito-Culex,NA
CSU16677,2021,FC,FC-036,CO,USA,NW,8/8/21,Mosquito-Culex,NA
CSU16683,2021,FC,FC-006,CO,USA,NE,8/8/21,Mosquito-Culex,NA
CSU16692,2021,FC,FC-066,CO,USA,NE,8/8/21,Mosquito-Culex,NA
CSU16712,2021,FC,FC-066GR,CO,USA,NE,8/8/21,Mosquito-Culex,NA
CSU16722,2021,FC,FC-039,CO,USA,SE,8/9/21,Mosquito-Culex,NA
CSU16728,2021,FC,FC-027,CO,USA,SE,8/9/21,Mosquito-Culex,NA
CSU16739,2021,FC,FC-050,CO,USA,SE,8/9/21,Mosquito-Culex,NA
CSU16740,2021,FC,FC-046,CO,USA,SE,8/9/21,Mosquito-Culex,NA
CSU16741,2021,FC,FC-046,CO,USA,SE,8/9/21,Mosquito-Culex,NA
CSU16742,2021,FC,FC-074,CO,USA,SE,8/9/21,Mosquito-Culex,NA
CSU16748,2021,FC,FC-075GR,CO,USA,SE,8/9/21,Mosquito-Culex,NA
CSU16750,2021,FC,FC-088GR,CO,USA,SE,8/9/21,Mosquito-Culex,NA
CSU16753,2021,LV,LV-020,CO,USA,LV,8/10/21,Mosquito-Culex,NA